<?xml version="1.0" encoding="UTF-8"?><?xml-stylesheet type='text/xsl' href='_UpgradeReport_Files/UpgradeReport.xslt'?><UpgradeLog>
<Properties><Property Name="Solution" Value="INTER NODE2">
</Property><Property Name="Solution File" Value="H:\Projects\PACKET HIDING\INTER NODE2\INTER NODE2.sln">
</Property><Property Name="User Options File" Value="H:\Projects\PACKET HIDING\INTER NODE2\INTER NODE2.suo">
</Property><Property Name="Date" Value="Sunday, December 29, 2013">
</Property><Property Name="Time" Value="17:57 PM">
</Property></Properties><Event ErrorLevel="0" Project="" Source="INTER NODE2.sln" Description="File successfully backed up as H:\Projects\PACKET HIDING\INTER NODE2\Backup\INTER NODE2.sln">
</Event><Event ErrorLevel="0" Project="" Source="INTER NODE2.suo" Description="File successfully backed up as H:\Projects\PACKET HIDING\INTER NODE2\Backup\INTER NODE2.suo">
</Event><Event ErrorLevel="0" Project="INTER NODE2" Source="INTER NODE2\INTER NODE2.csproj" Description="Project file successfully backed up as H:\Projects\PACKET HIDING\INTER NODE2\Backup\INTER NODE2\INTER NODE2.csproj">
</Event><Event ErrorLevel="0" Project="INTER NODE2" Source="INTER NODE2\INTER NODE2.cs" Description="File successfully backed up as H:\Projects\PACKET HIDING\INTER NODE2\Backup\INTER NODE2\INTER NODE2.cs">
</Event><Event ErrorLevel="0" Project="INTER NODE2" Source="INTER NODE2\INTER NODE2.Designer.cs" Description="File successfully backed up as H:\Projects\PACKET HIDING\INTER NODE2\Backup\INTER NODE2\INTER NODE2.Designer.cs">
</Event><Event ErrorLevel="0" Project="INTER NODE2" Source="INTER NODE2\PUZZLE.cs" Description="File successfully backed up as H:\Projects\PACKET HIDING\INTER NODE2\Backup\INTER NODE2\PUZZLE.cs">
</Event><Event ErrorLevel="0" Project="INTER NODE2" Source="INTER NODE2\PUZZLE.Designer.cs" Description="File successfully backed up as H:\Projects\PACKET HIDING\INTER NODE2\Backup\INTER NODE2\PUZZLE.Designer.cs">
</Event><Event ErrorLevel="0" Project="INTER NODE2" Source="INTER NODE2\Program.cs" Description="File successfully backed up as H:\Projects\PACKET HIDING\INTER NODE2\Backup\INTER NODE2\Program.cs">
</Event><Event ErrorLevel="0" Project="INTER NODE2" Source="INTER NODE2\Properties\AssemblyInfo.cs" Description="File successfully backed up as H:\Projects\PACKET HIDING\INTER NODE2\Backup\INTER NODE2\Properties\AssemblyInfo.cs">
</Event><Event ErrorLevel="0" Project="INTER NODE2" Source="INTER NODE2\Properties\Resources.Designer.cs" Description="File successfully backed up as H:\Projects\PACKET HIDING\INTER NODE2\Backup\INTER NODE2\Properties\Resources.Designer.cs">
</Event><Event ErrorLevel="0" Project="INTER NODE2" Source="INTER NODE2\Properties\Settings.Designer.cs" Description="File successfully backed up as H:\Projects\PACKET HIDING\INTER NODE2\Backup\INTER NODE2\Properties\Settings.Designer.cs">
</Event><Event ErrorLevel="0" Project="INTER NODE2" Source="INTER NODE2\Properties\Settings.settings" Description="File successfully backed up as H:\Projects\PACKET HIDING\INTER NODE2\Backup\INTER NODE2\Properties\Settings.settings">
</Event><Event ErrorLevel="0" Project="INTER NODE2" Source="INTER NODE2\Resources\PSfob81356678199.gif" Description="File successfully backed up as H:\Projects\PACKET HIDING\INTER NODE2\Backup\INTER NODE2\Resources\PSfob81356678199.gif">
</Event><Event ErrorLevel="0" Project="INTER NODE2" Source="INTER NODE2\Resources\ReUVZB1356681160.gif" Description="File successfully backed up as H:\Projects\PACKET HIDING\INTER NODE2\Backup\INTER NODE2\Resources\ReUVZB1356681160.gif">
</Event><Event ErrorLevel="0" Project="INTER NODE2" Source="INTER NODE2\Resources\vIu4bv1356678639.gif" Description="File successfully backed up as H:\Projects\PACKET HIDING\INTER NODE2\Backup\INTER NODE2\Resources\vIu4bv1356678639.gif">
</Event><Event ErrorLevel="0" Project="INTER NODE2" Source="INTER NODE2\Resources\WRJgtN1356681755.gif" Description="File successfully backed up as H:\Projects\PACKET HIDING\INTER NODE2\Backup\INTER NODE2\Resources\WRJgtN1356681755.gif">
</Event><Event ErrorLevel="0" Project="INTER NODE2" Source="INTER NODE2\Resources\receivecomputer.jpg" Description="File successfully backed up as H:\Projects\PACKET HIDING\INTER NODE2\Backup\INTER NODE2\Resources\receivecomputer.jpg">
</Event><Event ErrorLevel="0" Project="INTER NODE2" Source="INTER NODE2\Resources\33FuIt1356681588.gif" Description="File successfully backed up as H:\Projects\PACKET HIDING\INTER NODE2\Backup\INTER NODE2\Resources\33FuIt1356681588.gif">
</Event><Event ErrorLevel="0" Project="INTER NODE2" Source="INTER NODE2\Resources\receivefile.gif" Description="File successfully backed up as H:\Projects\PACKET HIDING\INTER NODE2\Backup\INTER NODE2\Resources\receivefile.gif">
</Event><Event ErrorLevel="0" Project="INTER NODE2" Source="INTER NODE2\INTER NODE2.resx" Description="File successfully backed up as H:\Projects\PACKET HIDING\INTER NODE2\Backup\INTER NODE2\INTER NODE2.resx">
</Event><Event ErrorLevel="0" Project="INTER NODE2" Source="INTER NODE2\PUZZLE.resx" Description="File successfully backed up as H:\Projects\PACKET HIDING\INTER NODE2\Backup\INTER NODE2\PUZZLE.resx">
</Event><Event ErrorLevel="0" Project="INTER NODE2" Source="INTER NODE2\Properties\Resources.resx" Description="File successfully backed up as H:\Projects\PACKET HIDING\INTER NODE2\Backup\INTER NODE2\Properties\Resources.resx">
</Event><Event ErrorLevel="0" Project="INTER NODE2" Source="INTER NODE2\INTER NODE2.csproj" Description="Project converted successfully">
</Event><Event ErrorLevel="3" Project="INTER NODE2" Source="INTER NODE2\INTER NODE2.csproj" Description="Converted">
</Event><Event ErrorLevel="0" Project="" Source="INTER NODE2.sln" Description="Solution converted successfully">
</Event><Event ErrorLevel="3" Project="" Source="INTER NODE2.sln" Description="Converted">
</Event><Event ErrorLevel="0" Project="INTER NODE2" Source="INTER NODE2\INTER NODE2.csproj" Description="Scan complete: Upgrade not required for project files.">
</Event></UpgradeLog>