<?xml version="1.0" encoding="UTF-8"?><?xml-stylesheet type='text/xsl' href='_UpgradeReport_Files/UpgradeReport.xslt'?><UpgradeLog>
<Properties><Property Name="Solution" Value="INTER NODE 1">
</Property><Property Name="Solution File" Value="H:\Projects\PACKET HIDING\INTER NODE 1\INTER NODE 1.sln">
</Property><Property Name="User Options File" Value="H:\Projects\PACKET HIDING\INTER NODE 1\INTER NODE 1.suo">
</Property><Property Name="Date" Value="Sunday, December 29, 2013">
</Property><Property Name="Time" Value="17:56 PM">
</Property></Properties><Event ErrorLevel="0" Project="" Source="INTER NODE 1.sln" Description="File successfully backed up as H:\Projects\PACKET HIDING\INTER NODE 1\Backup\INTER NODE 1.sln">
</Event><Event ErrorLevel="0" Project="" Source="INTER NODE 1.suo" Description="File successfully backed up as H:\Projects\PACKET HIDING\INTER NODE 1\Backup\INTER NODE 1.suo">
</Event><Event ErrorLevel="0" Project="INTER NODE 1" Source="INTER NODE 1\INTER NODE 1.csproj" Description="Project file successfully backed up as H:\Projects\PACKET HIDING\INTER NODE 1\Backup\INTER NODE 1\INTER NODE 1.csproj">
</Event><Event ErrorLevel="0" Project="INTER NODE 1" Source="INTER NODE 1\Form1.cs" Description="File successfully backed up as H:\Projects\PACKET HIDING\INTER NODE 1\Backup\INTER NODE 1\Form1.cs">
</Event><Event ErrorLevel="0" Project="INTER NODE 1" Source="INTER NODE 1\Form1.Designer.cs" Description="File successfully backed up as H:\Projects\PACKET HIDING\INTER NODE 1\Backup\INTER NODE 1\Form1.Designer.cs">
</Event><Event ErrorLevel="0" Project="INTER NODE 1" Source="INTER NODE 1\INTER NODE1.cs" Description="File successfully backed up as H:\Projects\PACKET HIDING\INTER NODE 1\Backup\INTER NODE 1\INTER NODE1.cs">
</Event><Event ErrorLevel="0" Project="INTER NODE 1" Source="INTER NODE 1\INTER NODE1.Designer.cs" Description="File successfully backed up as H:\Projects\PACKET HIDING\INTER NODE 1\Backup\INTER NODE 1\INTER NODE1.Designer.cs">
</Event><Event ErrorLevel="0" Project="INTER NODE 1" Source="INTER NODE 1\Program.cs" Description="File successfully backed up as H:\Projects\PACKET HIDING\INTER NODE 1\Backup\INTER NODE 1\Program.cs">
</Event><Event ErrorLevel="0" Project="INTER NODE 1" Source="INTER NODE 1\Properties\AssemblyInfo.cs" Description="File successfully backed up as H:\Projects\PACKET HIDING\INTER NODE 1\Backup\INTER NODE 1\Properties\AssemblyInfo.cs">
</Event><Event ErrorLevel="0" Project="INTER NODE 1" Source="INTER NODE 1\Properties\Resources.Designer.cs" Description="File successfully backed up as H:\Projects\PACKET HIDING\INTER NODE 1\Backup\INTER NODE 1\Properties\Resources.Designer.cs">
</Event><Event ErrorLevel="0" Project="INTER NODE 1" Source="INTER NODE 1\Properties\Settings.Designer.cs" Description="File successfully backed up as H:\Projects\PACKET HIDING\INTER NODE 1\Backup\INTER NODE 1\Properties\Settings.Designer.cs">
</Event><Event ErrorLevel="0" Project="INTER NODE 1" Source="INTER NODE 1\Properties\Settings.settings" Description="File successfully backed up as H:\Projects\PACKET HIDING\INTER NODE 1\Backup\INTER NODE 1\Properties\Settings.settings">
</Event><Event ErrorLevel="0" Project="INTER NODE 1" Source="INTER NODE 1\Resources\failed.jpg" Description="File successfully backed up as H:\Projects\PACKET HIDING\INTER NODE 1\Backup\INTER NODE 1\Resources\failed.jpg">
</Event><Event ErrorLevel="0" Project="INTER NODE 1" Source="INTER NODE 1\Resources\solvepuzzle.gif" Description="File successfully backed up as H:\Projects\PACKET HIDING\INTER NODE 1\Backup\INTER NODE 1\Resources\solvepuzzle.gif">
</Event><Event ErrorLevel="0" Project="INTER NODE 1" Source="INTER NODE 1\Resources\FVRl0A1356680170.gif" Description="File successfully backed up as H:\Projects\PACKET HIDING\INTER NODE 1\Backup\INTER NODE 1\Resources\FVRl0A1356680170.gif">
</Event><Event ErrorLevel="0" Project="INTER NODE 1" Source="INTER NODE 1\Resources\receivecomputer.jpg" Description="File successfully backed up as H:\Projects\PACKET HIDING\INTER NODE 1\Backup\INTER NODE 1\Resources\receivecomputer.jpg">
</Event><Event ErrorLevel="0" Project="INTER NODE 1" Source="INTER NODE 1\Resources\ReUVZB1356681160.gif" Description="File successfully backed up as H:\Projects\PACKET HIDING\INTER NODE 1\Backup\INTER NODE 1\Resources\ReUVZB1356681160.gif">
</Event><Event ErrorLevel="0" Project="INTER NODE 1" Source="INTER NODE 1\Resources\lVTFTE1356681491.gif" Description="File successfully backed up as H:\Projects\PACKET HIDING\INTER NODE 1\Backup\INTER NODE 1\Resources\lVTFTE1356681491.gif">
</Event><Event ErrorLevel="0" Project="INTER NODE 1" Source="INTER NODE 1\Resources\33FuIt1356681588.gif" Description="File successfully backed up as H:\Projects\PACKET HIDING\INTER NODE 1\Backup\INTER NODE 1\Resources\33FuIt1356681588.gif">
</Event><Event ErrorLevel="0" Project="INTER NODE 1" Source="INTER NODE 1\Resources\WRJgtN1356681755.gif" Description="File successfully backed up as H:\Projects\PACKET HIDING\INTER NODE 1\Backup\INTER NODE 1\Resources\WRJgtN1356681755.gif">
</Event><Event ErrorLevel="0" Project="INTER NODE 1" Source="INTER NODE 1\Resources\success.png" Description="File successfully backed up as H:\Projects\PACKET HIDING\INTER NODE 1\Backup\INTER NODE 1\Resources\success.png">
</Event><Event ErrorLevel="0" Project="INTER NODE 1" Source="INTER NODE 1\Form1.resx" Description="File successfully backed up as H:\Projects\PACKET HIDING\INTER NODE 1\Backup\INTER NODE 1\Form1.resx">
</Event><Event ErrorLevel="0" Project="INTER NODE 1" Source="INTER NODE 1\INTER NODE1.resx" Description="File successfully backed up as H:\Projects\PACKET HIDING\INTER NODE 1\Backup\INTER NODE 1\INTER NODE1.resx">
</Event><Event ErrorLevel="0" Project="INTER NODE 1" Source="INTER NODE 1\Properties\Resources.resx" Description="File successfully backed up as H:\Projects\PACKET HIDING\INTER NODE 1\Backup\INTER NODE 1\Properties\Resources.resx">
</Event><Event ErrorLevel="0" Project="INTER NODE 1" Source="INTER NODE 1\INTER NODE 1.csproj" Description="Project converted successfully">
</Event><Event ErrorLevel="3" Project="INTER NODE 1" Source="INTER NODE 1\INTER NODE 1.csproj" Description="Converted">
</Event><Event ErrorLevel="0" Project="" Source="INTER NODE 1.sln" Description="Solution converted successfully">
</Event><Event ErrorLevel="3" Project="" Source="INTER NODE 1.sln" Description="Converted">
</Event><Event ErrorLevel="0" Project="INTER NODE 1" Source="INTER NODE 1\INTER NODE 1.csproj" Description="Scan complete: Upgrade not required for project files.">
</Event></UpgradeLog>