<?xml version="1.0" encoding="UTF-8"?><?xml-stylesheet type='text/xsl' href='_UpgradeReport_Files/UpgradeReport.xslt'?><UpgradeLog>
<Properties><Property Name="Solution" Value="DESTINATION">
</Property><Property Name="Solution File" Value="H:\Projects\PACKET HIDING\DESTINATION\DESTINATION.sln">
</Property><Property Name="User Options File" Value="H:\Projects\PACKET HIDING\DESTINATION\DESTINATION.suo">
</Property><Property Name="Date" Value="Sunday, December 29, 2013">
</Property><Property Name="Time" Value="17:55 PM">
</Property></Properties><Event ErrorLevel="0" Project="" Source="DESTINATION.sln" Description="File successfully backed up as H:\Projects\PACKET HIDING\DESTINATION\Backup\DESTINATION.sln">
</Event><Event ErrorLevel="0" Project="" Source="DESTINATION.suo" Description="File successfully backed up as H:\Projects\PACKET HIDING\DESTINATION\Backup\DESTINATION.suo">
</Event><Event ErrorLevel="0" Project="DESTINATION" Source="DESTINATION\DESTINATION.csproj" Description="Project file successfully backed up as H:\Projects\PACKET HIDING\DESTINATION\Backup\DESTINATION\DESTINATION.csproj">
</Event><Event ErrorLevel="0" Project="DESTINATION" Source="DESTINATION\Form1.cs" Description="File successfully backed up as H:\Projects\PACKET HIDING\DESTINATION\Backup\DESTINATION\Form1.cs">
</Event><Event ErrorLevel="0" Project="DESTINATION" Source="DESTINATION\Form1.Designer.cs" Description="File successfully backed up as H:\Projects\PACKET HIDING\DESTINATION\Backup\DESTINATION\Form1.Designer.cs">
</Event><Event ErrorLevel="0" Project="DESTINATION" Source="DESTINATION\Program.cs" Description="File successfully backed up as H:\Projects\PACKET HIDING\DESTINATION\Backup\DESTINATION\Program.cs">
</Event><Event ErrorLevel="0" Project="DESTINATION" Source="DESTINATION\Properties\AssemblyInfo.cs" Description="File successfully backed up as H:\Projects\PACKET HIDING\DESTINATION\Backup\DESTINATION\Properties\AssemblyInfo.cs">
</Event><Event ErrorLevel="0" Project="DESTINATION" Source="DESTINATION\Properties\Resources.Designer.cs" Description="File successfully backed up as H:\Projects\PACKET HIDING\DESTINATION\Backup\DESTINATION\Properties\Resources.Designer.cs">
</Event><Event ErrorLevel="0" Project="DESTINATION" Source="DESTINATION\Properties\Settings.Designer.cs" Description="File successfully backed up as H:\Projects\PACKET HIDING\DESTINATION\Backup\DESTINATION\Properties\Settings.Designer.cs">
</Event><Event ErrorLevel="0" Project="DESTINATION" Source="DESTINATION\viewfiles.cs" Description="File successfully backed up as H:\Projects\PACKET HIDING\DESTINATION\Backup\DESTINATION\viewfiles.cs">
</Event><Event ErrorLevel="0" Project="DESTINATION" Source="DESTINATION\viewfiles.Designer.cs" Description="File successfully backed up as H:\Projects\PACKET HIDING\DESTINATION\Backup\DESTINATION\viewfiles.Designer.cs">
</Event><Event ErrorLevel="0" Project="DESTINATION" Source="DESTINATION\Properties\Settings.settings" Description="File successfully backed up as H:\Projects\PACKET HIDING\DESTINATION\Backup\DESTINATION\Properties\Settings.settings">
</Event><Event ErrorLevel="0" Project="DESTINATION" Source="DESTINATION\Resources\decryptmesscomputer.jpg" Description="File successfully backed up as H:\Projects\PACKET HIDING\DESTINATION\Backup\DESTINATION\Resources\decryptmesscomputer.jpg">
</Event><Event ErrorLevel="0" Project="DESTINATION" Source="DESTINATION\Resources\destination.gif" Description="File successfully backed up as H:\Projects\PACKET HIDING\DESTINATION\Backup\DESTINATION\Resources\destination.gif">
</Event><Event ErrorLevel="0" Project="DESTINATION" Source="DESTINATION\Resources\requesttoserver.gif" Description="File successfully backed up as H:\Projects\PACKET HIDING\DESTINATION\Backup\DESTINATION\Resources\requesttoserver.gif">
</Event><Event ErrorLevel="0" Project="DESTINATION" Source="DESTINATION\Resources\reqto servet.gif" Description="File successfully backed up as H:\Projects\PACKET HIDING\DESTINATION\Backup\DESTINATION\Resources\reqto servet.gif">
</Event><Event ErrorLevel="0" Project="DESTINATION" Source="DESTINATION\Resources\decrypt.gif" Description="File successfully backed up as H:\Projects\PACKET HIDING\DESTINATION\Backup\DESTINATION\Resources\decrypt.gif">
</Event><Event ErrorLevel="0" Project="DESTINATION" Source="DESTINATION\Resources\receivefiles.jpg" Description="File successfully backed up as H:\Projects\PACKET HIDING\DESTINATION\Backup\DESTINATION\Resources\receivefiles.jpg">
</Event><Event ErrorLevel="0" Project="DESTINATION" Source="DESTINATION\Resources\viewfiles.gif" Description="File successfully backed up as H:\Projects\PACKET HIDING\DESTINATION\Backup\DESTINATION\Resources\viewfiles.gif">
</Event><Event ErrorLevel="0" Project="DESTINATION" Source="DESTINATION\Form1.resx" Description="File successfully backed up as H:\Projects\PACKET HIDING\DESTINATION\Backup\DESTINATION\Form1.resx">
</Event><Event ErrorLevel="0" Project="DESTINATION" Source="DESTINATION\Properties\Resources.resx" Description="File successfully backed up as H:\Projects\PACKET HIDING\DESTINATION\Backup\DESTINATION\Properties\Resources.resx">
</Event><Event ErrorLevel="0" Project="DESTINATION" Source="DESTINATION\viewfiles.resx" Description="File successfully backed up as H:\Projects\PACKET HIDING\DESTINATION\Backup\DESTINATION\viewfiles.resx">
</Event><Event ErrorLevel="0" Project="DESTINATION" Source="DESTINATION\DESTINATION.csproj" Description="Project converted successfully">
</Event><Event ErrorLevel="3" Project="DESTINATION" Source="DESTINATION\DESTINATION.csproj" Description="Converted">
</Event><Event ErrorLevel="0" Project="" Source="DESTINATION.sln" Description="Solution converted successfully">
</Event><Event ErrorLevel="3" Project="" Source="DESTINATION.sln" Description="Converted">
</Event><Event ErrorLevel="0" Project="DESTINATION" Source="DESTINATION\DESTINATION.csproj" Description="Scan complete: Upgrade not required for project files.">
</Event></UpgradeLog>