<?xml version="1.0" encoding="UTF-8"?><?xml-stylesheet type='text/xsl' href='_UpgradeReport_Files/UpgradeReport.xslt'?><UpgradeLog>
<Properties><Property Name="Solution" Value="SERVER NODE">
</Property><Property Name="Solution File" Value="H:\Projects\PACKET HIDING\SERVER NODE\SERVER NODE.sln">
</Property><Property Name="User Options File" Value="H:\Projects\PACKET HIDING\SERVER NODE\SERVER NODE.suo">
</Property><Property Name="Date" Value="Sunday, December 29, 2013">
</Property><Property Name="Time" Value="17:29 PM">
</Property></Properties><Event ErrorLevel="0" Project="" Source="SERVER NODE.sln" Description="File successfully backed up as H:\Projects\PACKET HIDING\SERVER NODE\Backup\SERVER NODE.sln">
</Event><Event ErrorLevel="0" Project="" Source="SERVER NODE.suo" Description="File successfully backed up as H:\Projects\PACKET HIDING\SERVER NODE\Backup\SERVER NODE.suo">
</Event><Event ErrorLevel="0" Project="SERVER NODE" Source="SERVER NODE\SERVER NODE.csproj" Description="Project file successfully backed up as H:\Projects\PACKET HIDING\SERVER NODE\Backup\SERVER NODE\SERVER NODE.csproj">
</Event><Event ErrorLevel="0" Project="SERVER NODE" Source="SERVER NODE\Form1.cs" Description="File successfully backed up as H:\Projects\PACKET HIDING\SERVER NODE\Backup\SERVER NODE\Form1.cs">
</Event><Event ErrorLevel="0" Project="SERVER NODE" Source="SERVER NODE\Form1.Designer.cs" Description="File successfully backed up as H:\Projects\PACKET HIDING\SERVER NODE\Backup\SERVER NODE\Form1.Designer.cs">
</Event><Event ErrorLevel="0" Project="SERVER NODE" Source="SERVER NODE\Program.cs" Description="File successfully backed up as H:\Projects\PACKET HIDING\SERVER NODE\Backup\SERVER NODE\Program.cs">
</Event><Event ErrorLevel="0" Project="SERVER NODE" Source="SERVER NODE\Properties\AssemblyInfo.cs" Description="File successfully backed up as H:\Projects\PACKET HIDING\SERVER NODE\Backup\SERVER NODE\Properties\AssemblyInfo.cs">
</Event><Event ErrorLevel="0" Project="SERVER NODE" Source="SERVER NODE\Properties\Resources.Designer.cs" Description="File successfully backed up as H:\Projects\PACKET HIDING\SERVER NODE\Backup\SERVER NODE\Properties\Resources.Designer.cs">
</Event><Event ErrorLevel="0" Project="SERVER NODE" Source="SERVER NODE\Properties\Settings.Designer.cs" Description="File successfully backed up as H:\Projects\PACKET HIDING\SERVER NODE\Backup\SERVER NODE\Properties\Settings.Designer.cs">
</Event><Event ErrorLevel="0" Project="SERVER NODE" Source="SERVER NODE\SSTCryptographer.cs" Description="File successfully backed up as H:\Projects\PACKET HIDING\SERVER NODE\Backup\SERVER NODE\SSTCryptographer.cs">
</Event><Event ErrorLevel="0" Project="SERVER NODE" Source="SERVER NODE\ClassDiagram1.cd" Description="File successfully backed up as H:\Projects\PACKET HIDING\SERVER NODE\Backup\SERVER NODE\ClassDiagram1.cd">
</Event><Event ErrorLevel="0" Project="SERVER NODE" Source="SERVER NODE\Properties\Settings.settings" Description="File successfully backed up as H:\Projects\PACKET HIDING\SERVER NODE\Backup\SERVER NODE\Properties\Settings.settings">
</Event><Event ErrorLevel="0" Project="SERVER NODE" Source="SERVER NODE\Resources\x8TXOr1356677584.gif" Description="File successfully backed up as H:\Projects\PACKET HIDING\SERVER NODE\Backup\SERVER NODE\Resources\x8TXOr1356677584.gif">
</Event><Event ErrorLevel="0" Project="SERVER NODE" Source="SERVER NODE\Resources\x8TXOr13566775841.gif" Description="File successfully backed up as H:\Projects\PACKET HIDING\SERVER NODE\Backup\SERVER NODE\Resources\x8TXOr13566775841.gif">
</Event><Event ErrorLevel="0" Project="SERVER NODE" Source="SERVER NODE\Resources\htimJf1356678018.gif" Description="File successfully backed up as H:\Projects\PACKET HIDING\SERVER NODE\Backup\SERVER NODE\Resources\htimJf1356678018.gif">
</Event><Event ErrorLevel="0" Project="SERVER NODE" Source="SERVER NODE\Resources\8AjsLS1356678121.gif" Description="File successfully backed up as H:\Projects\PACKET HIDING\SERVER NODE\Backup\SERVER NODE\Resources\8AjsLS1356678121.gif">
</Event><Event ErrorLevel="0" Project="SERVER NODE" Source="SERVER NODE\Resources\PSfob81356678199.gif" Description="File successfully backed up as H:\Projects\PACKET HIDING\SERVER NODE\Backup\SERVER NODE\Resources\PSfob81356678199.gif">
</Event><Event ErrorLevel="0" Project="SERVER NODE" Source="SERVER NODE\Resources\zWc6fO1356678437.gif" Description="File successfully backed up as H:\Projects\PACKET HIDING\SERVER NODE\Backup\SERVER NODE\Resources\zWc6fO1356678437.gif">
</Event><Event ErrorLevel="0" Project="SERVER NODE" Source="SERVER NODE\Resources\vIu4bv1356678639.gif" Description="File successfully backed up as H:\Projects\PACKET HIDING\SERVER NODE\Backup\SERVER NODE\Resources\vIu4bv1356678639.gif">
</Event><Event ErrorLevel="0" Project="SERVER NODE" Source="SERVER NODE\Resources\AsVhY31356678748.gif" Description="File successfully backed up as H:\Projects\PACKET HIDING\SERVER NODE\Backup\SERVER NODE\Resources\AsVhY31356678748.gif">
</Event><Event ErrorLevel="0" Project="SERVER NODE" Source="SERVER NODE\Resources\3sZuVH1356678833.gif" Description="File successfully backed up as H:\Projects\PACKET HIDING\SERVER NODE\Backup\SERVER NODE\Resources\3sZuVH1356678833.gif">
</Event><Event ErrorLevel="0" Project="SERVER NODE" Source="SERVER NODE\Resources\6OogFQ1356679075.gif" Description="File successfully backed up as H:\Projects\PACKET HIDING\SERVER NODE\Backup\SERVER NODE\Resources\6OogFQ1356679075.gif">
</Event><Event ErrorLevel="0" Project="SERVER NODE" Source="SERVER NODE\Resources\3GidmR1356679241.gif" Description="File successfully backed up as H:\Projects\PACKET HIDING\SERVER NODE\Backup\SERVER NODE\Resources\3GidmR1356679241.gif">
</Event><Event ErrorLevel="0" Project="SERVER NODE" Source="SERVER NODE\Resources\commit.gif" Description="File successfully backed up as H:\Projects\PACKET HIDING\SERVER NODE\Backup\SERVER NODE\Resources\commit.gif">
</Event><Event ErrorLevel="0" Project="SERVER NODE" Source="SERVER NODE\Form1.resx" Description="File successfully backed up as H:\Projects\PACKET HIDING\SERVER NODE\Backup\SERVER NODE\Form1.resx">
</Event><Event ErrorLevel="0" Project="SERVER NODE" Source="SERVER NODE\Properties\Resources.resx" Description="File successfully backed up as H:\Projects\PACKET HIDING\SERVER NODE\Backup\SERVER NODE\Properties\Resources.resx">
</Event><Event ErrorLevel="0" Project="SERVER NODE" Source="SERVER NODE\SERVER NODE.csproj" Description="Project converted successfully">
</Event><Event ErrorLevel="3" Project="SERVER NODE" Source="SERVER NODE\SERVER NODE.csproj" Description="Converted">
</Event><Event ErrorLevel="0" Project="" Source="SERVER NODE.sln" Description="Solution converted successfully">
</Event><Event ErrorLevel="3" Project="" Source="SERVER NODE.sln" Description="Converted">
</Event><Event ErrorLevel="0" Project="SERVER NODE" Source="SERVER NODE\SERVER NODE.csproj" Description="Scan complete: Upgrade not required for project files.">
</Event></UpgradeLog>