<?xml version="1.0" encoding="UTF-8"?><?xml-stylesheet type='text/xsl' href='_UpgradeReport_Files/UpgradeReport.xslt'?><UpgradeLog>
<Properties><Property Name="Solution" Value="INTER NODE 3">
</Property><Property Name="Solution File" Value="H:\Projects\PACKET HIDING\INTER NODE 3\INTER NODE 3.sln">
</Property><Property Name="User Options File" Value="H:\Projects\PACKET HIDING\INTER NODE 3\INTER NODE 3.suo">
</Property><Property Name="Date" Value="Sunday, December 29, 2013">
</Property><Property Name="Time" Value="17:57 PM">
</Property></Properties><Event ErrorLevel="0" Project="" Source="INTER NODE 3.sln" Description="File successfully backed up as H:\Projects\PACKET HIDING\INTER NODE 3\Backup\INTER NODE 3.sln">
</Event><Event ErrorLevel="0" Project="" Source="INTER NODE 3.suo" Description="File successfully backed up as H:\Projects\PACKET HIDING\INTER NODE 3\Backup\INTER NODE 3.suo">
</Event><Event ErrorLevel="0" Project="INTER NODE 3" Source="INTER NODE 3\INTER NODE 3.csproj" Description="Project file successfully backed up as H:\Projects\PACKET HIDING\INTER NODE 3\Backup\INTER NODE 3\INTER NODE 3.csproj">
</Event><Event ErrorLevel="0" Project="INTER NODE 3" Source="INTER NODE 3\Form1.cs" Description="File successfully backed up as H:\Projects\PACKET HIDING\INTER NODE 3\Backup\INTER NODE 3\Form1.cs">
</Event><Event ErrorLevel="0" Project="INTER NODE 3" Source="INTER NODE 3\Form1.Designer.cs" Description="File successfully backed up as H:\Projects\PACKET HIDING\INTER NODE 3\Backup\INTER NODE 3\Form1.Designer.cs">
</Event><Event ErrorLevel="0" Project="INTER NODE 3" Source="INTER NODE 3\INTER NODE 3.cs" Description="File successfully backed up as H:\Projects\PACKET HIDING\INTER NODE 3\Backup\INTER NODE 3\INTER NODE 3.cs">
</Event><Event ErrorLevel="0" Project="INTER NODE 3" Source="INTER NODE 3\INTER NODE 3.Designer.cs" Description="File successfully backed up as H:\Projects\PACKET HIDING\INTER NODE 3\Backup\INTER NODE 3\INTER NODE 3.Designer.cs">
</Event><Event ErrorLevel="0" Project="INTER NODE 3" Source="INTER NODE 3\Program.cs" Description="File successfully backed up as H:\Projects\PACKET HIDING\INTER NODE 3\Backup\INTER NODE 3\Program.cs">
</Event><Event ErrorLevel="0" Project="INTER NODE 3" Source="INTER NODE 3\Properties\AssemblyInfo.cs" Description="File successfully backed up as H:\Projects\PACKET HIDING\INTER NODE 3\Backup\INTER NODE 3\Properties\AssemblyInfo.cs">
</Event><Event ErrorLevel="0" Project="INTER NODE 3" Source="INTER NODE 3\Properties\Resources.Designer.cs" Description="File successfully backed up as H:\Projects\PACKET HIDING\INTER NODE 3\Backup\INTER NODE 3\Properties\Resources.Designer.cs">
</Event><Event ErrorLevel="0" Project="INTER NODE 3" Source="INTER NODE 3\Properties\Settings.Designer.cs" Description="File successfully backed up as H:\Projects\PACKET HIDING\INTER NODE 3\Backup\INTER NODE 3\Properties\Settings.Designer.cs">
</Event><Event ErrorLevel="0" Project="INTER NODE 3" Source="INTER NODE 3\Properties\Settings.settings" Description="File successfully backed up as H:\Projects\PACKET HIDING\INTER NODE 3\Backup\INTER NODE 3\Properties\Settings.settings">
</Event><Event ErrorLevel="0" Project="INTER NODE 3" Source="INTER NODE 3\Resources\receivecomputer.jpg" Description="File successfully backed up as H:\Projects\PACKET HIDING\INTER NODE 3\Backup\INTER NODE 3\Resources\receivecomputer.jpg">
</Event><Event ErrorLevel="0" Project="INTER NODE 3" Source="INTER NODE 3\Resources\33FuIt1356681588.gif" Description="File successfully backed up as H:\Projects\PACKET HIDING\INTER NODE 3\Backup\INTER NODE 3\Resources\33FuIt1356681588.gif">
</Event><Event ErrorLevel="0" Project="INTER NODE 3" Source="INTER NODE 3\Resources\receivefile.gif" Description="File successfully backed up as H:\Projects\PACKET HIDING\INTER NODE 3\Backup\INTER NODE 3\Resources\receivefile.gif">
</Event><Event ErrorLevel="0" Project="INTER NODE 3" Source="INTER NODE 3\Resources\solvepuzzle.gif" Description="File successfully backed up as H:\Projects\PACKET HIDING\INTER NODE 3\Backup\INTER NODE 3\Resources\solvepuzzle.gif">
</Event><Event ErrorLevel="0" Project="INTER NODE 3" Source="INTER NODE 3\Form1.resx" Description="File successfully backed up as H:\Projects\PACKET HIDING\INTER NODE 3\Backup\INTER NODE 3\Form1.resx">
</Event><Event ErrorLevel="0" Project="INTER NODE 3" Source="INTER NODE 3\INTER NODE 3.resx" Description="File successfully backed up as H:\Projects\PACKET HIDING\INTER NODE 3\Backup\INTER NODE 3\INTER NODE 3.resx">
</Event><Event ErrorLevel="0" Project="INTER NODE 3" Source="INTER NODE 3\Properties\Resources.resx" Description="File successfully backed up as H:\Projects\PACKET HIDING\INTER NODE 3\Backup\INTER NODE 3\Properties\Resources.resx">
</Event><Event ErrorLevel="0" Project="INTER NODE 3" Source="INTER NODE 3\INTER NODE 3.csproj" Description="Project converted successfully">
</Event><Event ErrorLevel="3" Project="INTER NODE 3" Source="INTER NODE 3\INTER NODE 3.csproj" Description="Converted">
</Event><Event ErrorLevel="0" Project="" Source="INTER NODE 3.sln" Description="Solution converted successfully">
</Event><Event ErrorLevel="3" Project="" Source="INTER NODE 3.sln" Description="Converted">
</Event><Event ErrorLevel="0" Project="INTER NODE 3" Source="INTER NODE 3\INTER NODE 3.csproj" Description="Scan complete: Upgrade not required for project files.">
</Event></UpgradeLog>